Dataset,Naive Bayes Accuracy
SC_cAMP,0.33421076042205666
SC_VitC,0.5229591836734695
ARPE,0.5210646817772716
