,C_value,Accuracy
0,2,0.4426703655746794
1,3,0.4457123178516332
2,4,0.4466997338726301
3,5,0.44086085064861325
4,6,0.438149062450324
5,7,0.4346124053092365
6,8,0.42811863424021884
7,9,0.4309946596296643
8,10,0.42680328386872934
9,11,0.4223629675755697
10,12,0.4208019206122251
11,13,0.41792552319407
12,14,0.4187468442966747
13,15,0.4178429823688199
14,16,0.4125007300317008
15,17,0.41176053112930494
16,18,0.4113493805249555
17,19,0.4084725777218773
